first_name,last_name,email,role_ids,access_keys_allowed,time_zone,default_role_id
Abbas,Waters,abbas@bhlab.local,62a6c554-1b0d-4147-9643-e72e2500cff6,false,America/Los_Angeles,62a6c554-1b0d-4147-9643-e72e2500cff6
Alivia,Haney,alivia@bhlab.local,320ed251-1371-4129-a18f-9248f4390c59,false,America/Los_Angeles,320ed251-1371-4129-a18f-9248f4390c59
Alvin,Walls,alvin@bhlab.local,bf00f024-e7d5-443b-a00b-2c333dc739fa,false,America/Los_Angeles,bf00f024-e7d5-443b-a00b-2c333dc739fa
Ana,Fitzgerald,ana@bhlab.local,cb179e15-1835-4ab1-b786-e451d7dad708,false,America/Los_Angeles,cb179e15-1835-4ab1-b786-e451d7dad708
Arnold,Burke,arnold@bhlab.local,6ed92966-0e1e-450d-8536-363c22a54ebf,false,America/Los_Angeles,6ed92966-0e1e-450d-8536-363c22a54ebf
Ben,Bonilla,ben@bhlab.local,6aee3023-6ba2-408d-afec-0d8ac95d78e4,false,America/Los_Angeles,6aee3023-6ba2-408d-afec-0d8ac95d78e4
Billy,Stone,billy@bhlab.local,a28582ee-c3e1-4474-95aa-bdd7317f6d7e,false,America/Los_Angeles,a28582ee-c3e1-4474-95aa-bdd7317f6d7e
Cleo,Phillips,cleo@bhlab.local,8dad4564-6c63-4227-8e50-be1594997d02,false,America/Los_Angeles,8dad4564-6c63-4227-8e50-be1594997d02
Dean,Anthony,dean@bhlab.local,871c5f89-cf79-4f2a-931f-15baae7ac694,false,America/Los_Angeles,871c5f89-cf79-4f2a-931f-15baae7ac694
Elin,Black,elin@bhlab.local,6c5834ac-2a41-433a-aa3d-74a4c4a18389,false,America/Los_Angeles,6c5834ac-2a41-433a-aa3d-74a4c4a18389
Elisha,Mcdonald,elisha@bhlab.local,44fa9513-88e3-437f-8e6b-e2e592b3607a,false,America/Los_Angeles,44fa9513-88e3-437f-8e6b-e2e592b3607a
Ella-Louise,Hawkins,ella-louise@bhlab.local,86ec89d8-dd01-4ee1-b6a5-7236f6249e0f,false,America/Los_Angeles,86ec89d8-dd01-4ee1-b6a5-7236f6249e0f
Emily,Crane,emily@bhlab.local,eba062f7-b6a5-469e-b48b-b6da0558f3a9,false,America/Los_Angeles,eba062f7-b6a5-469e-b48b-b6da0558f3a9
Flora,Raymond,flora@bhlab.local,f8c78a1b-81a1-471d-9f05-da519ff970d5,false,America/Los_Angeles,f8c78a1b-81a1-471d-9f05-da519ff970d5
Gavin,Crosby,gavin@bhlab.local,464c3ba7-8a7a-4d2d-a512-5e94704dd268,false,America/Los_Angeles,464c3ba7-8a7a-4d2d-a512-5e94704dd268
Gerard,Hickman,gerard@bhlab.local,5d238852-9700-41a0-9ddc-3a8f4c622cd3,false,America/Los_Angeles,5d238852-9700-41a0-9ddc-3a8f4c622cd3
Gertrude,Houston,gertrude@bhlab.local,289dcab2-aa19-4315-8d3d-d6342278e21b,false,America/Los_Angeles,289dcab2-aa19-4315-8d3d-d6342278e21b
Hazel,Bentley,hazel@bhlab.local,b27e54a8-ec47-4e8a-97c6-c073d1c77166,false,America/Los_Angeles,b27e54a8-ec47-4e8a-97c6-c073d1c77166
Ibrahim,John,ibrahim@bhlab.local,9e5e0671-b6c4-412a-932c-8146d4540730,false,America/Los_Angeles,9e5e0671-b6c4-412a-932c-8146d4540730
Isobel,Franco,isobel@bhlab.local,c8c515ec-f981-4775-8263-13111bff7b7d,false,America/Los_Angeles,c8c515ec-f981-4775-8263-13111bff7b7d
Jaydon,Joseph,jaydon@bhlab.local,be5ba3f5-27ec-429e-ae4d-db1fa09b305e,false,America/Los_Angeles,be5ba3f5-27ec-429e-ae4d-db1fa09b305e
Jeremy,Collier,jeremy@bhlab.local,dfebb852-9ef2-4829-837c-b29d92e652d5,false,America/Los_Angeles,dfebb852-9ef2-4829-837c-b29d92e652d5
Juanita,Cardenas,juanita@bhlab.local,2517f253-03be-4505-a09e-2e483f2c86e6,false,America/Los_Angeles,2517f253-03be-4505-a09e-2e483f2c86e6
Kristen,Levine,kristen@bhlab.local,ca94dfeb-1a22-42d2-a6cf-871064d4670f,false,America/Los_Angeles,ca94dfeb-1a22-42d2-a6cf-871064d4670f
Levi,Bloggs,levi@bhlab.local,9f5f61e0-99f2-4beb-9f6a-c5c65c18d3ba,false,America/Los_Angeles,9f5f61e0-99f2-4beb-9f6a-c5c65c18d3ba
Maia,Klein,maia@bhlab.local,215f0ebe-d215-42bc-91d3-4951e3f029b8,false,America/Los_Angeles,215f0ebe-d215-42bc-91d3-4951e3f029b8
Marcel,Mccarty,marcel@bhlab.local,1d88d85d-17f2-4af2-807a-890b5e98506d,false,America/Los_Angeles,1d88d85d-17f2-4af2-807a-890b5e98506d
Marcus,Gonzalez,marcus@bhlab.local,9efe1b90-d9e1-4527-90d6-3c28cfee4407,false,America/Los_Angeles,9efe1b90-d9e1-4527-90d6-3c28cfee4407
Milly,Osborne,milly@bhlab.local,1090f9ad-4c50-40bc-b8c8-6a615755127c,false,America/Los_Angeles,1090f9ad-4c50-40bc-b8c8-6a615755127c
Muhammed,Hooper,muhammed@bhlab.local,85abf4aa-b3ef-4628-a8f2-863622411457,false,America/Los_Angeles,85abf4aa-b3ef-4628-a8f2-863622411457
Nabil,Hansen,nabil@bhlab.local,50b6d2a8-e75b-4d3b-9dff-c901560be976,false,America/Los_Angeles,50b6d2a8-e75b-4d3b-9dff-c901560be976
Norma,Craig,norma@bhlab.local,1372b8d3-941c-467f-ac62-d914d7f88156,false,America/Los_Angeles,1372b8d3-941c-467f-ac62-d914d7f88156
Otto,Bradley,otto@bhlab.local,ced8ee4b-0f80-4d3b-a537-0074aab9f868,false,America/Los_Angeles,ced8ee4b-0f80-4d3b-a537-0074aab9f868
Pamela,Blaese,pamela@bhlab.local,473c430f-8b2f-4a22-86b2-e5e4c8772129,false,America/Los_Angeles,473c430f-8b2f-4a22-86b2-e5e4c8772129
Robert,Reed,robert@bhlab.local,0b23f179-4881-4f37-b0f0-ad3aa6c56dd2,false,America/Los_Angeles,0b23f179-4881-4f37-b0f0-ad3aa6c56dd2
Rohan,Roberson,rohan@bhlab.local,7ee074cb-ba98-45fb-a0db-77220a4fcd94,false,America/Los_Angeles,7ee074cb-ba98-45fb-a0db-77220a4fcd94
Roxanne,Schultz,roxanne@bhlab.local,0ae4ef27-814e-49b6-a28c-f0638bbcbee4,false,America/Los_Angeles,0ae4ef27-814e-49b6-a28c-f0638bbcbee4
Ruben,Berg,ruben@bhlab.local,d53c7f0c-faa7-4dff-8eea-29083914ce7a,false,America/Los_Angeles,d53c7f0c-faa7-4dff-8eea-29083914ce7a
Saad,Santana,saad@bhlab.local,6aee34ed-1257-43a5-985c-f28d39122d48,false,America/Los_Angeles,6aee34ed-1257-43a5-985c-f28d39122d48
Sadia,Aguirre,sadia@bhlab.local,0ef66e84-0074-4271-a714-f8db36b0afb3,false,America/Los_Angeles,0ef66e84-0074-4271-a714-f8db36b0afb3
Samuel,Buck,samuel@bhlab.local,341f4af9-e4e3-4c7b-8cac-fb057eb18f76,false,America/Los_Angeles,341f4af9-e4e3-4c7b-8cac-fb057eb18f76
Shannon,Hendricks,shannon@bhlab.local,174c2403-ebb8-4f83-bf3d-2e85f89bfd41,false,America/Los_Angeles,174c2403-ebb8-4f83-bf3d-2e85f89bfd41
Sydney,Wiggins,sydney@bhlab.local,4c513336-d7c4-4909-865a-c3768bc04f2a,false,America/Los_Angeles,4c513336-d7c4-4909-865a-c3768bc04f2a
Szymon,Grimes,szymon@bhlab.local,7b6aa3ae-78a0-4305-9645-15b7e2ce9d08,false,America/Los_Angeles,7b6aa3ae-78a0-4305-9645-15b7e2ce9d08
Tasneem,O'Quinn,tasneem@bhlab.local,3070d929-6fe5-4516-9a64-412a5f305d46,false,America/Los_Angeles,3070d929-6fe5-4516-9a64-412a5f305d46
Taya,Lowery,taya@bhlab.local,f22b65f3-48ab-4aea-b5e2-a97cd0089d8e,false,America/Los_Angeles,f22b65f3-48ab-4aea-b5e2-a97cd0089d8e
Tegan,Douglas,tegan@bhlab.local,fc532b28-77fd-4632-a0c1-4ed0b34bc749,false,America/Los_Angeles,fc532b28-77fd-4632-a0c1-4ed0b34bc749
Theo,Guerra,theo@bhlab.local,bfcd2616-9207-48b3-a039-f247b5d533e2,false,America/Los_Angeles,bfcd2616-9207-48b3-a039-f247b5d533e2
Trey,Huber,trey@bhlab.local,6aadbd9e-01ae-47aa-800f-81da58620542,false,America/Los_Angeles,6aadbd9e-01ae-47aa-800f-81da58620542
Zakariya,Booth,zakariya@bhlab.local,354c1220-4d1e-4068-bb28-cff83464f374,false,America/Los_Angeles,354c1220-4d1e-4068-bb28-cff83464f374